{
    "company_size": 0.0149599714204669,
    "annual_revenue": 0.026705186814069748,
    "previous_interactions": 0.016528313979506493,
    "website_visits": 0.29038330912590027,
    "pages_viewed": 0.0334564708173275,
    "email_clicks": 0.2824181914329529,
    "calls_made": 0.013492275029420853,
    "meetings_scheduled": 0.014576246961951256,
    "demo_requested": 0.03461930900812149,
    "time_spent_minutes": 0.014161922037601471,
    "days_since_last_activity": 0.034093473106622696,
    "ads_clicked": 0.01445018406957388,
    "campaign_engagement_score": 0.01445130817592144,
    "industry_Healthcare": 0.011415869928896427,
    "industry_Manufacturing": 0.01326824352145195,
    "industry_Retail": 0.014134669676423073,
    "industry_SaaS": 0.014915069565176964,
    "country_India": 0.015145326033234596,
    "country_Singapore": 0.013748434372246265,
    "country_UK": 0.015631092712283134,
    "country_USA": 0.013672336004674435,
    "lead_stage_New": 0.0156254880130291,
    "lead_stage_Proposal": 0.01479201391339302,
    "lead_stage_Qualified": 0.010302169248461723,
    "source_LinkedIn": 0.016272667795419693,
    "source_Organic": 0.016347844153642654,
    "source_Referral": 0.010432502254843712
}