{
    "LogisticRegression": {
        "precision": 0.8572671888598782,
        "recall": 0.8208333333333333,
        "f1": 0.8386547467007237,
        "auc": 0.9598413690476191
    },
    "XGBoost": {
        "precision": 0.8562822719449226,
        "recall": 0.8291666666666667,
        "f1": 0.842506350550381,
        "auc": 0.9628122023809523
    },
    "LightGBM": {
        "precision": 0.848068669527897,
        "recall": 0.8233333333333334,
        "f1": 0.8355179704016913,
        "auc": 0.9608479166666667
    }
}