{
    "XGBoost_Retrained": {
        "precision": 0.8670166229221348,
        "recall": 0.8258333333333333,
        "f1": 0.8459240290226205,
        "auc": 0.9700773809523809,
        "samples_used": 20000
    }
}